<application>
  <component name="LessonStateBase">
    <option name="map">
      <map>
        <entry key="actions" value="NOT_PASSED" />
        <entry key="autocomplete_json" value="NOT_PASSED" />
        <entry key="basic completion" value="NOT_PASSED" />
        <entry key="code completion for functions" value="NOT_PASSED" />
        <entry key="code_completion_for_benchmarks_bn" value="NOT_PASSED" />
        <entry key="code_completion_for_time_package" value="PASSED" />
        <entry key="codeassistance.localhistory" value="NOT_PASSED" />
        <entry key="codeassistance.parameterinfo" value="NOT_PASSED" />
        <entry key="codeassistance.quickpopups" value="NOT_PASSED" />
        <entry key="collapse" value="NOT_PASSED" />
        <entry key="completion with tab" value="NOT_PASSED" />
        <entry key="convert_int_string_single_double_quote" value="PASSED" />
        <entry key="createstructsandcreatestructfields" value="NOT_PASSED" />
        <entry key="debug function calls" value="NOT_PASSED" />
        <entry key="debug_nil_interfaces_hide_types" value="NOT_PASSED" />
        <entry key="declaration and usages" value="NOT_PASSED" />
        <entry key="dump_goroutines" value="NOT_PASSED" />
        <entry key="duplicate" value="NOT_PASSED" />
        <entry key="editorbasics.commentline" value="PASSED" />
        <entry key="error_string_formatting" value="PASSED" />
        <entry key="export_types" value="PASSED" />
        <entry key="fixing a test file" value="NOT_PASSED" />
        <entry key="generate missing methods" value="NOT_PASSED" />
        <entry key="generate_getters_and_setters" value="PASSED" />
        <entry key="git.annotate" value="NOT_PASSED" />
        <entry key="git.basicworkflow" value="NOT_PASSED" />
        <entry key="git.changelistsandshelf" value="NOT_PASSED" />
        <entry key="git.commit" value="NOT_PASSED" />
        <entry key="git.interactiverebase" value="NOT_PASSED" />
        <entry key="git.projecthistory" value="NOT_PASSED" />
        <entry key="git.quickstart" value="NOT_PASSED" />
        <entry key="go.basic.and.smart.completion" value="NOT_PASSED" />
        <entry key="go.basic.completion" value="NOT_PASSED" />
        <entry key="go.code.formatting" value="NOT_PASSED" />
        <entry key="go.comment.line" value="NOT_PASSED" />
        <entry key="go.context.actions" value="NOT_PASSED" />
        <entry key="go.debug.function.calls" value="NOT_PASSED" />
        <entry key="go.dump.goroutines" value="NOT_PASSED" />
        <entry key="go.extract.method.refactoring.with.returns" value="NOT_PASSED" />
        <entry key="go.extract.variable" value="NOT_PASSED" />
        <entry key="go.file.structure" value="NOT_PASSED" />
        <entry key="go.find.in.files" value="NOT_PASSED" />
        <entry key="go.generating.tests.for.generics" value="NOT_PASSED" />
        <entry key="go.generics.implement.missing.methods" value="NOT_PASSED" />
        <entry key="go.generics.inspections" value="NOT_PASSED" />
        <entry key="go.navigation.comments" value="NOT_PASSED" />
        <entry key="go.navigation.internal.and.build.constraints" value="NOT_PASSED" />
        <entry key="go.occurrences" value="NOT_PASSED" />
        <entry key="go.onboarding" value="NOT_PASSED" />
        <entry key="go.onboarding.tour" value="NOT_PASSED" />
        <entry key="go.postfix.completion" value="NOT_PASSED" />
        <entry key="go.recent.files.and.locations" value="NOT_PASSED" />
        <entry key="go.refactoring.menu.lesson.name" value="NOT_PASSED" />
        <entry key="go.release.add.method.to.interface" value="NOT_PASSED" />
        <entry key="go.release.code.coverage.for.programs" value="NOT_PASSED" />
        <entry key="go.release.create.function.in.another.package" value="NOT_PASSED" />
        <entry key="go.rename.refactoring" value="NOT_PASSED" />
        <entry key="go.run.configuration" value="NOT_PASSED" />
        <entry key="go.run.debug.playground" value="NOT_PASSED" />
        <entry key="go.run.fuzz.testing" value="NOT_PASSED" />
        <entry key="go.running.gofmt" value="NOT_PASSED" />
        <entry key="go.smart.type.completion" value="NOT_PASSED" />
        <entry key="go.support.for.table.tests" value="NOT_PASSED" />
        <entry key="go.using.generics" value="NOT_PASSED" />
        <entry key="go.view.hierarchies.lesson" value="NOT_PASSED" />
        <entry key="go.working.with.json" value="NOT_PASSED" />
        <entry key="go_enable_generics_in_go_files" value="NOT_PASSED" />
        <entry key="go_generating_tests_for_generics" value="NOT_PASSED" />
        <entry key="go_generics_inspections" value="NOT_PASSED" />
        <entry key="go_go_doc_comments" value="PASSED" />
        <entry key="go_navigate_to_internal_and_build_constraints" value="NOT_PASSED" />
        <entry key="go_quick_documentation" value="PASSED" />
        <entry key="go_var_check_error_postfix_template" value="NOT_PASSED" />
        <entry key="goland2019.2.extractmethodrefactoringwithreturns" value="NOT_PASSED" />
        <entry key="goland2019.2.redundanttypeconversions" value="NOT_PASSED" />
        <entry key="goland2019.3.createfunctionfromfunctiontype" value="PASSED" />
        <entry key="goland2019.3.extractvariablewitherror" value="NOT_PASSED" />
        <entry key="gophercon.codeformatting" value="NOT_PASSED" />
        <entry key="gophercon.extractvariable" value="NOT_PASSED" />
        <entry key="gophercon.gofmt" value="NOT_PASSED" />
        <entry key="gophercon.implementmissingmethods" value="NOT_PASSED" />
        <entry key="gophercon.rename" value="NOT_PASSED" />
        <entry key="goworkingwithparameterslesson" value="NOT_PASSED" />
        <entry key="handling errors with live and postfix templates: if and rr" value="NOT_PASSED" />
        <entry key="handling_unhandled_errors" value="NOT_PASSED" />
        <entry key="idea.onboarding" value="NOT_PASSED" />
        <entry key="implement_methods" value="PASSED" />
        <entry key="java.occurrences.lesson" value="NOT_PASSED" />
        <entry key="live and postfix templates: else, fori, and vars" value="NOT_PASSED" />
        <entry key="move" value="NOT_PASSED" />
        <entry key="multiple selections" value="NOT_PASSED" />
        <entry key="navigation from comments" value="NOT_PASSED" />
        <entry key="playground_in_scratch_files" value="NOT_PASSED" />
        <entry key="postfix completion with sort" value="PASSED" />
        <entry key="postfix templates (nn, panic, rr, and return)" value="NOT_PASSED" />
        <entry key="quick-fixes, refactorings, and external documentation" value="PASSED" />
        <entry key="recent files and locations" value="NOT_PASSED" />
        <entry key="rename_refactoring_generic_receivers" value="PASSED" />
        <entry key="search everywhere" value="NOT_PASSED" />
        <entry key="select" value="PASSED" />
        <entry key="smart type completion" value="PASSED" />
        <entry key="smart type completion and pointers" value="PASSED" />
        <entry key="smart type completion for type assertions and switch constructions" value="NOT_PASSED" />
        <entry key="statement completion" value="NOT_PASSED" />
        <entry key="struct inspections" value="NOT_PASSED" />
        <entry key="support_for_table_tests" value="NOT_PASSED" />
        <entry key="support_fuzz_testing" value="NOT_PASSED" />
        <entry key="support_of_go_embed" value="PASSED" />
        <entry key="surround and unwrap" value="NOT_PASSED" />
        <entry key="unsafe_context_cancellation" value="NOT_PASSED" />
        <entry key="using live templates with types" value="NOT_PASSED" />
        <entry key="working with variadic functions" value="NOT_PASSED" />
        <entry key="working_with_json_in_go" value="PASSED" />
        <entry key="wrapping long lines" value="NOT_PASSED" />
      </map>
    </option>
  </component>
</application>