<application>
  <component name="MaterialThemeNewConfig">
    <option name="accentState">
      <MTAccentConfigState>
        <option name="accentColorHex" value="c6ff00" />
        <option name="overrideAccentColor" value="false" />
      </MTAccentConfigState>
    </option>
    <option name="customThemeState">
      <MTCustomThemeConfigState>
        <option name="accentColorHex" value="ff9800" />
        <option name="activeColorHex" value="323232" />
        <option name="backgroundColorHex" value="212121" />
        <option name="borderColorHex" value="292929" />
        <option name="buttonColorHex" value="2a2a2a" />
        <option name="colorScheme" value="Gerry Space" />
        <option name="contrastColorHex" value="1a1a1a" />
        <option name="disabledColorHex" value="474747" />
        <option name="excludedColorHex" value="323232" />
        <option name="foregroundColorHex" value="b0bec5" />
        <option name="highlightColorHex" value="3f3f3f" />
        <option name="notificationColorHex" value="1a1a1a" />
        <option name="secondAccentColorHex" value="89ddff" />
        <option name="secondBackgroundColorHex" value="292929" />
        <option name="selectionBackgroundColorHex" value="404040" />
        <option name="selectionForegroundColorHex" value="ffffff" />
        <option name="textColorHex" value="727272" />
        <option name="treeColorHex" value="2d2d2d" />
      </MTCustomThemeConfigState>
    </option>
    <option name="lightCustomThemeState">
      <MTLightCustomThemeConfigState>
        <option name="colorScheme" value="Gerry Space" />
      </MTLightCustomThemeConfigState>
    </option>
    <option name="metadata">
      <MTMetadataState>
        <option name="migrated" value="true" />
        <option name="pristineConfig" value="false" />
        <option name="userId" value="-330d0afc:18fab82be43:-8000" />
        <option name="version" value="9.8.1" />
        <option name="wizardShown" value="true" />
      </MTMetadataState>
    </option>
    <option name="themeState">
      <MTThemeConfigState>
        <option name="selectedThemeName" value="NATIVE" />
      </MTThemeConfigState>
    </option>
    <option name="uiComponentsState">
      <MTUiComponentsConfigState>
        <option name="borderless" value="true" />
      </MTUiComponentsConfigState>
    </option>
  </component>
</application>