<application>
  <component name="MaterialThemeConfig">
    <option name="activeBoldTab" value="true" />
    <option name="borderedButtons" value="true" />
    <option name="compactDropdowns" value="true" />
    <option name="compactMenus" value="true" />
    <option name="compactSidebar" value="true" />
    <option name="compactStatusBar" value="true" />
    <option name="compactTables" value="true" />
    <option name="contrastMode" value="true" />
    <option name="highContrast" value="true" />
    <option name="highlightColorEnabled" value="true" />
    <option name="useColoredDirectories" value="true" />
    <option name="useMaterialFont" value="true" />
    <option name="useMaterialWallpapers" value="true" />
    <option name="useProjectTitle" value="false" />
    <option name="isBorderedButtons" value="true" />
    <option name="isCompactDropdowns" value="true" />
    <option name="isCompactSidebar" value="true" />
    <option name="isActiveBoldTab" value="true" />
    <option name="isHighlightColorEnabled" value="true" />
    <option name="isCompactMenus" value="true" />
    <option name="isCompactStatusBar" value="true" />
    <option name="isCompactTables" value="true" />
    <option name="isContrastMode" value="true" />
    <option name="isHighContrast" value="true" />
    <option name="isUseMaterialFont" value="true" />
    <option name="isUseMaterialWallpapers" value="true" />
    <option name="isUseColoredDirectories" value="true" />
    <option name="isUseProjectTitle" value="false" />
    <option name="customSidebarHeight" value="22" />
    <option name="accentColor" value="ff9800" />
    <option name="highlightColor" value="e9651e" />
    <option name="selectedTheme" value="DARKER" />
    <option name="userId" value="-2a883261:17ea8ac810d:-8000" />
    <option name="version" value="7.5.2.2" />
    <option name="tabHighlightPosition" />
    <option name="pristineConfig" value="false" />
  </component>
</application>