<application>
  <component name="ProjectManager">
    <defaultProject>
      <component name="MaterialThemeProjectNewConfig">
        <option name="metadata">
          <MTProjectMetadataState>
            <option name="migrated" value="true" />
            <option name="pristineConfig" value="false" />
            <option name="userId" value="-2a883261:17ea8ac810d:-8000" />
            <option name="version" value="7.5.2.2" />
          </MTProjectMetadataState>
        </option>
        <option name="titleBarState">
          <MTProjectTitleBarConfigState>
            <option name="overrideColor" value="false" />
          </MTProjectTitleBarConfigState>
        </option>
      </component>
      <component name="PropertiesComponent">{
  &quot;keyToString&quot;: {
    &quot;settings.editor.selected.configurable&quot;: &quot;reference.settingsdialog.IDE.editor.colors.Rainbow Brackets&quot;
  }
}</component>
      <component name="VcsDirectoryMappings" defaultProject="true" />
      <component name="WindowStateProjectService">
        <state x="368" y="217" width="1141" height="721" key="SettingsEditor" timestamp="1743109261597">
          <screen x="0" y="38" width="1728" height="1079" />
        </state>
        <state x="368" y="217" width="1141" height="721" key="SettingsEditor/0.38.1728.1079" timestamp="1743109261597" />
        <state x="463" y="123" width="800" height="787" key="new project wizard" timestamp="1743135656573">
          <screen x="0" y="38" width="1728" height="1079" />
        </state>
        <state x="463" y="123" width="800" height="787" key="new project wizard/0.38.1728.1079" timestamp="1743135656573" />
      </component>
    </defaultProject>
  </component>
</application>