<application>
  <component name="RainbowSettings">
    <option name="bigFilesLinesThreshold" value="10000" />
    <option name="customIndentGuides" value="true" />
    <option name="enableRainbowAngleBrackets" value="false" />
    <option name="enableRainbowSquareBrackets" value="false" />
    <option name="enableRainbowVariables" value="true" />
    <option name="enableRainbowVariablesBySemanticHighlighting" value="true" />
    <option name="indentGuidesOptions" value="Only selected indent guide" />
    <option name="numberOfColors" value="4" />
    <option name="semanticHighlightingList">
      <set>
        <option value="C#" />
        <option value="F#" />
        <option value="Dart" />
        <option value="SQL" />
      </set>
    </option>
    <option name="suppressDisabledCheck" value="true" />
    <option name="useColorGenerator" value="true" />
    <option name="useColorGeneratorForRainbowVariables" value="true" />
    <option name="version" value="2024.2.15-241" />
  </component>
</application>