<application>
  <component name="Trusted.Paths">
    <option name="TRUSTED_PROJECT_PATHS">
      <map>
        <entry key="$USER_HOME$/GolandProjects/age-of-evolution" value="true" />
        <entry key="$USER_HOME$/GolandProjects/character-manager" value="true" />
        <entry key="$USER_HOME$/GolandProjects/hakkt-ecs" value="true" />
        <entry key="$USER_HOME$/GolandProjects/hakkt-engine" value="true" />
        <entry key="$USER_HOME$/GolandProjects/sentinel-siege" value="true" />
        <entry key="$USER_HOME$/IdeaProjects/untitled" value="true" />
        <entry key="$USER_HOME$/Library/Caches/JetBrains/GoLand2023.1/demo/LearnGoProject" value="true" />
        <entry key="$USER_HOME$/Work/age-of-evolution" value="true" />
        <entry key="$USER_HOME$/Work/character-manager" value="true" />
        <entry key="$USER_HOME$/Work/hakkt" value="true" />
        <entry key="$USER_HOME$/Work/sandata" value="true" />
        <entry key="$USER_HOME$/Work/sandecs" value="true" />
        <entry key="$USER_HOME$/Work/supersonic" value="true" />
        <entry key="$USER_HOME$/Work/tech-stax" value="true" />
        <entry key="$USER_HOME$/Work/techstacks" value="true" />
        <entry key="$USER_HOME$/Work/techstax" value="true" />
      </map>
    </option>
  </component>
</application>