<application>
  <component name="vgo">
    <environment>
      <map>
        <entry key="GOPRIVATE">
          <value>
            <list>
              <option value="github.com/andrei-cosmin/sandata,github.com/andrei-cosmin/sandata" />
              <option value="github.com/andrei-cosmin/sandecs,github.com/andrei-cosmin/sandata" />
              <option value="github.com/andrei-cosmin/sandata" />
              <option value="&quot;github.com/andrei-cosmin/sandata&quot;" />
              <option value="github.com/andrei-cosmin/hakkt" />
              <option value="github.com/andrei-cosmin/hakkt-ecs" />
            </list>
          </value>
        </entry>
      </map>
    </environment>
  </component>
</application>