<application>
  <component name="DimensionService">
    <location key="find.popup.0.0.3456.2234@192dpi" x="1256" y="346" />
    <size key="GridCell.Tab.0.left.0.0.3456.2234@192dpi" width="3292" height="610" />
    <size key="GridCell.Tab.0.center.0.0.3456.2234@192dpi" width="3292" height="610" />
    <size key="GridCell.Tab.0.right.0.0.3456.2234@192dpi" width="3292" height="610" />
    <size key="GridCell.Tab.0.bottom.0.0.3456.2234@192dpi" width="3292" height="610" />
    <size key="GridCell.Tab.1.left.0.0.3456.2234@192dpi" width="3292" height="610" />
    <size key="GridCell.Tab.1.center.0.0.3456.2234@192dpi" width="3292" height="610" />
    <size key="GridCell.Tab.1.right.0.0.3456.2234@192dpi" width="3292" height="610" />
    <size key="GridCell.Tab.1.bottom.0.0.3456.2234@192dpi" width="3292" height="610" />
    <size key="find.popup.0.0.3456.2234@192dpi" width="1280" height="1068" />
    <size key="GridCell.Tab.0.left.0.0.3840.2160@192dpi" width="3292" height="470" />
    <size key="GridCell.Tab.0.center.0.0.3840.2160@192dpi" width="3292" height="470" />
    <size key="GridCell.Tab.0.right.0.0.3840.2160@192dpi" width="3292" height="470" />
    <size key="GridCell.Tab.0.bottom.0.0.3840.2160@192dpi" width="3292" height="470" />
    <size key="GridCell.Tab.0.left.0.0.5120.2880@192dpi" width="4956" height="898" />
    <size key="GridCell.Tab.0.center.0.0.5120.2880@192dpi" width="4956" height="898" />
    <size key="GridCell.Tab.0.right.0.0.5120.2880@192dpi" width="4956" height="898" />
    <size key="GridCell.Tab.0.bottom.0.0.5120.2880@192dpi" width="4956" height="898" />
    <size key="GridCell.Tab.1.left.0.0.5120.2880@192dpi" width="4956" height="898" />
    <size key="GridCell.Tab.1.center.0.0.5120.2880@192dpi" width="4956" height="898" />
    <size key="GridCell.Tab.1.right.0.0.5120.2880@192dpi" width="4956" height="898" />
    <size key="GridCell.Tab.1.bottom.0.0.5120.2880@192dpi" width="4956" height="898" />
  </component>
  <component name="WindowManager">
    <frame x="0" y="0" width="1728" height="1079" extendedState="6" />
  </component>
  <component name="WindowStateApplicationService">
    <state width="581" height="310" key="ShowUsagesActions.dimensionServiceKey" timestamp="1744140658248">
      <screen x="0" y="38" width="1728" height="1079" />
    </state>
    <state width="586" height="254" key="ShowUsagesActions.dimensionServiceKey/-1728.38.1728.1079/0.25.2560.1415" timestamp="1738673875654" />
    <state width="581" height="310" key="ShowUsagesActions.dimensionServiceKey/0.38.1728.1079" timestamp="1744140658248" />
    <state width="300" height="629" key="Vcs.CompareWithSelectedRevision.Popup" timestamp="1743974457321">
      <screen x="0" y="38" width="1728" height="1079" />
    </state>
    <state width="300" height="629" key="Vcs.CompareWithSelectedRevision.Popup/0.38.1728.1079" timestamp="1743974457321" />
    <state x="864" y="577" width="1728" height="1079" key="WELCOME_SCREEN" timestamp="1743299640614">
      <screen x="0" y="38" width="1728" height="1079" />
    </state>
    <state x="864" y="577" width="1728" height="1079" key="WELCOME_SCREEN/0.38.1728.1079" timestamp="1743299640614" />
  </component>
</application>